ROLL_NO,DATE,LOCATION,STUDENT_ID,COURSE_ID
5641,2022-10-05 22:10:22,Haryana,8434,4
5884,2022-10-06 06:57:44,Gairsain,7423,3
7445,2022-10-05 21:01:28,Odisha,3449,4
4555,2022-10-05 19:22:05,Goa,8480,1
7252,2022-10-05 14:54:59,Punjab,4289,1
4909,2022-10-06 01:52:07,Uttar Pradesh,9799,2
8301,2022-10-06 02:03:10,Manipur,2670,5
1749,2022-10-05 15:17:13,Telangana,7079,3
9527,2022-10-05 21:17:22,Maharashtra,5297,2
3631,2022-10-05 19:39:56,Goa,7365,5
534,2022-10-06 01:44:27,Haryana,9953,2
5745,2022-10-06 02:13:16,Assam,5275,2
3455,2022-10-05 18:22:37,Madhya Pradesh,3964,1
1566,2022-10-06 12:04:41,West Bengal,92,3
8735,2022-10-05 16:02:03,Assam,92,2
496,2022-10-05 14:33:57,Bihar,5640,1
4172,2022-10-06 00:22:10,Haryana,2779,4
6034,2022-10-05 14:58:48,Haryana,9532,3
2673,2022-10-05 21:18:35,Rajasthan,808,1
7295,2022-10-06 01:25:59,Assam,8464,5
5707,2022-10-05 23:45:16,Tamil Nadu,7866,5
7967,2022-10-06 02:26:44,Telangana,3872,3
9772,2022-10-06 06:04:55,Jharkhand,5836,2
3892,2022-10-06 07:25:08,Rajasthan,8946,1
2378,2022-10-06 10:25:01,Uttarakhand,3429,3
8329,2022-10-05 15:08:11,Himachal Pradesh,9099,5
5716,2022-10-06 01:38:39,Punjab,2362,3
8373,2022-10-05 16:07:16,Bihar,4814,4
338,2022-10-05 17:22:03,Tamil Nadu,8492,1
4006,2022-10-06 02:26:07,Uttarakhand,713,3
9443,2022-10-06 04:37:17,Uttarakhand,3823,5
4619,2022-10-06 06:02:45,Chhattisgarh,684,5
579,2022-10-06 05:50:31,Madhya Pradesh,2779,5
3056,2022-10-05 19:41:29,Karnataka,4647,2
2149,2022-10-05 17:50:37,Gujarat,5713,3
9670,2022-10-06 06:09:06,Goa,3049,1
2877,2022-10-05 13:34:42,Meghalaya,8953,3
4707,2022-10-05 18:45:53,Goa,917,5
451,2022-10-05 15:10:06,Gairsain,9473,5
6318,2022-10-05 21:46:21,Rajasthan,8006,1
3508,2022-10-05 14:52:23,Gujarat,7527,1
2057,2022-10-06 05:04:10,Tripura,5437,2
2948,2022-10-05 16:23:27,West Bengal,2070,4
4629,2022-10-06 03:19:27,Rajasthan,2183,1
3576,2022-10-05 23:19:22,Sikkim,5039,1
2551,2022-10-06 01:18:22,Gujarat,8597,2
800,2022-10-05 19:06:15,Maharashtra,4979,3
8589,2022-10-05 22:12:31,Maharashtra,4633,5
5407,2022-10-05 21:57:44,Tamil Nadu,2352,3
5522,2022-10-05 14:03:47,Punjab,1711,2
9522,2022-10-06 07:54:17,Andhra Pradesh,4586,4
1188,2022-10-05 14:41:13,Andhra Pradesh,2697,5
4999,2022-10-06 10:14:09,Uttarakhand,7697,1
9250,2022-10-06 01:18:45,Uttarakhand,2848,4
6561,2022-10-06 08:59:06,West Bengal,4990,4
5188,2022-10-06 04:59:09,Karnataka,7171,1
6259,2022-10-05 23:04:03,Telangana,3161,5
3412,2022-10-06 00:20:37,Tamil Nadu,8335,3
5915,2022-10-05 19:20:01,Gairsain,1084,2
5899,2022-10-06 09:28:44,Tamil Nadu,2214,5
6495,2022-10-06 12:08:10,Telangana,3623,3
3750,2022-10-05 22:18:31,West Bengal,8335,2
7811,2022-10-05 17:49:42,Tamil Nadu,4228,2
8101,2022-10-06 02:56:38,Meghalaya,7645,3
2753,2022-10-05 20:05:07,Sikkim,5328,4
9698,2022-10-05 18:09:03,Karnataka,7260,5
358,2022-10-05 13:42:27,Karnataka,5661,4
6210,2022-10-06 08:12:13,Meghalaya,9169,3
3088,2022-10-06 11:52:38,Madhya Pradesh,1053,1
5192,2022-10-06 12:10:00,Telangana,6488,5
8620,2022-10-05 15:48:52,Odisha,391,2
8222,2022-10-06 01:46:36,Kerala,1169,3
4908,2022-10-06 07:01:10,Assam,1474,1
1281,2022-10-06 07:22:45,Gairsain,31,3
7325,2022-10-06 10:58:10,Nagaland,9313,2
2253,2022-10-06 02:55:44,Meghalaya,6807,5
1226,2022-10-05 21:24:10,Gujarat,3423,1
4790,2022-10-05 16:29:57,Mizoram,6939,3
475,2022-10-06 13:11:30,Himachal Pradesh,5441,5
2449,2022-10-05 14:37:38,Karnataka,2747,5
9528,2022-10-05 14:34:39,Gairsain,6092,1
2519,2022-10-05 14:22:05,Rajasthan,9172,1
9777,2022-10-06 07:45:45,Nagaland,3361,5
7622,2022-10-05 23:03:42,Gujarat,9362,1
4324,2022-10-05 15:23:25,Telangana,9192,1
4169,2022-10-06 07:33:41,Himachal Pradesh,2454,2
8133,2022-10-05 17:01:37,Uttarakhand,5524,1
4625,2022-10-06 10:08:06,Gairsain,2168,1
7304,2022-10-05 18:56:06,Odisha,5034,5
7563,2022-10-06 00:54:00,Chhattisgarh,4834,5
4778,2022-10-05 23:53:34,Chhattisgarh,7504,5
9778,2022-10-05 17:30:38,Tamil Nadu,4515,3
4737,2022-10-05 23:09:56,Maharashtra,329,5
5186,2022-10-06 05:13:01,Goa,8759,5
2694,2022-10-05 15:38:17,Tamil Nadu,4529,2
436,2022-10-06 01:24:35,Manipur,5824,5
3546,2022-10-06 00:39:27,Andhra Pradesh,6870,5
2940,2022-10-06 00:45:18,Bihar,73,3
9090,2022-10-06 07:57:30,Bihar,9900,2
4023,2022-10-05 14:29:10,Rajasthan,8359,1
2254,2022-10-05 17:53:32,Nagaland,4493,5
6548,2022-10-05 14:31:59,Assam,8294,2
4482,2022-10-06 01:03:07,Madhya Pradesh,276,5
6129,2022-10-05 19:30:41,Haryana,7604,3
617,2022-10-05 17:29:41,Tamil Nadu,1723,5
1615,2022-10-05 15:41:59,Karnataka,5873,5
405,2022-10-05 20:24:36,Gujarat,5264,1
5633,2022-10-06 06:49:03,Odisha,5718,1
2612,2022-10-06 05:18:19,Karnataka,6847,3
979,2022-10-05 14:24:14,Uttarakhand,6491,4
3682,2022-10-05 15:22:34,Assam,7491,2
250,2022-10-05 23:29:17,Meghalaya,8168,5
9147,2022-10-06 04:45:36,Chhattisgarh,4235,4
6534,2022-10-06 03:42:12,Madhya Pradesh,5783,1
8351,2022-10-06 03:56:13,Manipur,682,4
9685,2022-10-05 22:43:54,Andhra Pradesh,3586,4
1751,2022-10-05 18:27:26,Odisha,3488,2
4817,2022-10-05 18:48:03,Goa,5081,4
2921,2022-10-06 10:08:36,Jharkhand,7644,3
5640,2022-10-06 11:48:30,Madhya Pradesh,7042,3
8042,2022-10-05 18:23:47,Himachal Pradesh,3325,3
8008,2022-10-05 15:46:24,Uttarakhand,3214,1
3064,2022-10-05 13:22:58,Jharkhand,6995,2
7822,2022-10-06 12:20:04,Nagaland,4702,2
132,2022-10-06 07:48:52,Gairsain,4881,4
8924,2022-10-06 08:18:05,Uttarakhand,7779,5
4965,2022-10-05 18:29:40,Uttar Pradesh,7170,4
1747,2022-10-05 15:16:09,Uttarakhand,880,3
9643,2022-10-06 05:26:48,Assam,4315,5
1559,2022-10-05 20:23:59,Jharkhand,4979,1
5784,2022-10-05 15:22:39,Tamil Nadu,6301,1
1147,2022-10-05 16:48:48,Himachal Pradesh,9195,2
5597,2022-10-06 01:45:00,Jharkhand,9570,4
1776,2022-10-06 09:58:15,West Bengal,6807,1
7989,2022-10-06 04:46:10,Andhra Pradesh,4482,4
5492,2022-10-06 05:42:09,Gairsain,8991,5
2580,2022-10-05 13:15:32,Kerala,2750,1
3416,2022-10-06 05:13:00,Kerala,6238,3
2585,2022-10-05 18:33:14,Telangana,1460,1
2298,2022-10-05 13:49:58,Gairsain,1698,3
5470,2022-10-06 04:04:48,Maharashtra,4616,1
9920,2022-10-05 21:14:05,Himachal Pradesh,1384,1
7570,2022-10-05 20:16:19,Karnataka,2502,2
2096,2022-10-06 02:23:41,Bihar,6633,4
6195,2022-10-06 07:56:44,Gujarat,6692,3
9611,2022-10-05 21:10:06,Tamil Nadu,4207,4
3274,2022-10-06 09:51:35,Assam,750,2
7435,2022-10-06 07:10:09,Haryana,3599,5
6742,2022-10-06 12:55:35,Haryana,6115,1
6444,2022-10-06 00:13:25,Kerala,7252,2
1291,2022-10-06 03:03:46,Himachal Pradesh,9044,4
7673,2022-10-05 17:52:42,Gujarat,6604,5
7531,2022-10-05 15:17:27,Mizoram,8983,4
4553,2022-10-06 04:18:38,Sikkim,5429,2
593,2022-10-05 23:57:57,Sikkim,6774,1
1920,2022-10-06 06:45:53,Nagaland,2733,5
4834,2022-10-06 02:27:34,Chhattisgarh,3260,1
5246,2022-10-06 01:00:19,Himachal Pradesh,4794,4
1547,2022-10-06 08:28:27,Jharkhand,7171,2
5136,2022-10-06 11:30:07,Telangana,1703,2
6908,2022-10-05 22:14:31,Chhattisgarh,7982,2
2791,2022-10-05 16:43:17,Rajasthan,6933,1
9499,2022-10-05 20:53:08,Andhra Pradesh,32,4
7580,2022-10-05 21:59:12,Uttarakhand,8365,5
7137,2022-10-06 05:16:02,Odisha,3422,4
8397,2022-10-06 04:47:40,Mizoram,1422,3
5017,2022-10-06 04:20:20,Uttar Pradesh,59,1
8757,2022-10-06 09:16:17,Maharashtra,4660,2
2016,2022-10-05 17:10:11,Telangana,4424,4
7727,2022-10-06 05:31:49,Madhya Pradesh,8640,5
4796,2022-10-06 06:36:19,Goa,474,2
6290,2022-10-05 19:02:13,Maharashtra,2655,2
4697,2022-10-05 23:43:26,Jharkhand,8130,2
6249,2022-10-05 19:27:36,Jharkhand,9878,3
1450,2022-10-05 16:38:46,Rajasthan,1127,3
5598,2022-10-05 13:20:23,Gujarat,81,4
4879,2022-10-06 01:38:53,Uttarakhand,2669,2
9055,2022-10-06 01:00:17,Nagaland,6966,2
3940,2022-10-06 05:28:51,Karnataka,8589,5
1314,2022-10-06 03:45:27,Bihar,4681,4
7170,2022-10-06 00:08:18,Kerala,3224,4
2518,2022-10-05 14:49:57,Rajasthan,7079,4
7810,2022-10-06 05:02:01,Jharkhand,6278,1
2654,2022-10-06 08:04:48,Sikkim,3111,1
1827,2022-10-05 15:27:09,Gairsain,2733,2
6166,2022-10-06 02:47:09,Gairsain,2170,4
4620,2022-10-05 16:59:12,Odisha,6036,2
7139,2022-10-05 22:13:03,Odisha,8159,2
3339,2022-10-06 08:43:59,Meghalaya,9043,2
2576,2022-10-05 22:57:48,Nagaland,1793,4
8491,2022-10-06 13:05:31,Meghalaya,9319,3
5869,2022-10-05 15:49:33,Maharashtra,9522,1
9213,2022-10-06 02:11:38,Jharkhand,1477,3
7450,2022-10-05 15:37:43,Tripura,7556,2
5847,2022-10-06 04:39:23,Chhattisgarh,5328,4
9788,2022-10-05 14:24:33,Manipur,4235,3
9543,2022-10-06 05:40:52,Chhattisgarh,8382,4
7617,2022-10-06 08:55:49,Goa,5110,5
8909,2022-10-06 11:31:57,Rajasthan,8335,3
2101,2022-10-06 02:41:49,Andhra Pradesh,3794,3
8254,2022-10-05 15:31:03,Kerala,8067,3
7470,2022-10-05 14:23:05,Kerala,6179,3
6341,2022-10-06 11:14:50,Sikkim,1931,3
4602,2022-10-05 20:14:53,Punjab,5301,3
7934,2022-10-05 14:24:10,Chhattisgarh,1566,4
7952,2022-10-05 18:41:31,Tamil Nadu,5218,5
219,2022-10-05 20:35:44,Mizoram,7912,5
5331,2022-10-05 17:02:16,Maharashtra,6036,2
759,2022-10-05 20:41:15,Telangana,5883,4
8173,2022-10-05 18:57:10,Kerala,8935,2
2641,2022-10-05 16:16:37,Kerala,4702,3
6564,2022-10-06 07:12:49,Jharkhand,3214,2
2855,2022-10-06 02:12:57,Punjab,1440,5
6149,2022-10-06 08:34:21,Gujarat,4990,5
4543,2022-10-06 00:19:57,Bihar,3463,3
8740,2022-10-06 05:18:44,Sikkim,8357,2
2197,2022-10-06 07:22:25,Andhra Pradesh,2948,1
3073,2022-10-06 05:41:34,Mizoram,381,2
8308,2022-10-05 15:04:14,Meghalaya,4702,4
4606,2022-10-06 07:34:06,West Bengal,5218,1
4331,2022-10-06 00:44:19,Punjab,1815,2
6175,2022-10-05 18:33:01,Uttarakhand,7045,1
9655,2022-10-06 07:53:39,Karnataka,8250,4
8101,2022-10-06 12:47:11,Meghalaya,3283,2
2302,2022-10-06 02:04:09,West Bengal,7260,5
7974,2022-10-06 00:55:54,Himachal Pradesh,5501,5
3418,2022-10-05 13:29:47,Rajasthan,4224,2
7419,2022-10-05 14:46:24,Tamil Nadu,6301,5
8142,2022-10-06 05:02:11,Sikkim,1447,4
7028,2022-10-05 16:38:00,Rajasthan,1384,4
5092,2022-10-06 08:55:07,Uttar Pradesh,721,4
6563,2022-10-06 09:44:41,Chhattisgarh,5895,4
3752,2022-10-06 00:28:45,Telangana,6488,2
9145,2022-10-05 22:14:52,Assam,8075,5
481,2022-10-06 03:02:19,Kerala,3975,1
1576,2022-10-06 02:30:43,Odisha,1432,5
6964,2022-10-05 15:43:02,Maharashtra,2758,5
788,2022-10-05 22:34:42,Uttarakhand,3915,2
1120,2022-10-06 00:36:44,Jharkhand,2779,5
456,2022-10-06 04:02:23,Maharashtra,2779,5
4944,2022-10-06 09:02:51,Nagaland,8597,1
7860,2022-10-06 08:19:46,Meghalaya,526,2
9629,2022-10-06 08:42:26,Haryana,391,2
6199,2022-10-05 14:32:20,Gujarat,8131,2
8746,2022-10-06 10:20:58,Rajasthan,3323,4
7202,2022-10-06 13:09:07,Bihar,2554,3
8084,2022-10-05 21:59:16,Bihar,1415,3
4277,2022-10-05 22:04:22,Andhra Pradesh,5552,5
9499,2022-10-06 12:27:13,Maharashtra,3492,5
4528,2022-10-05 22:13:57,Mizoram,7556,5
2495,2022-10-05 20:44:19,Sikkim,7390,5
5886,2022-10-06 10:01:38,Rajasthan,4211,4
6975,2022-10-06 08:12:20,West Bengal,1740,1
9743,2022-10-05 16:22:11,Manipur,1361,1
1946,2022-10-05 18:37:57,Tamil Nadu,9194,1
5474,2022-10-06 03:00:37,Chhattisgarh,1801,5
602,2022-10-06 05:52:17,Bihar,7079,2
3261,2022-10-05 22:06:12,Uttar Pradesh,9532,5
2911,2022-10-06 12:26:52,Punjab,682,5
5596,2022-10-05 17:31:27,Madhya Pradesh,9043,2
3234,2022-10-05 15:24:26,Tripura,8433,5
3190,2022-10-05 16:27:25,Rajasthan,4160,4
7071,2022-10-06 04:34:12,Rajasthan,880,5
3667,2022-10-05 19:17:07,Madhya Pradesh,9920,2
1753,2022-10-06 10:28:28,Manipur,7778,1
9633,2022-10-05 22:04:27,Uttar Pradesh,454,5
929,2022-10-06 09:54:55,Manipur,4680,1
2538,2022-10-05 21:45:09,Bihar,2413,1
8070,2022-10-06 01:47:26,Uttarakhand,2519,2
1483,2022-10-06 09:46:53,Tamil Nadu,276,4
7143,2022-10-06 04:13:29,Sikkim,9043,3
8434,2022-10-06 08:30:11,Assam,5945,4
8424,2022-10-06 09:24:17,Himachal Pradesh,1915,5
2546,2022-10-06 07:25:46,Tripura,4373,3
4546,2022-10-05 17:32:07,Assam,31,4
4875,2022-10-05 14:11:32,Goa,6801,3
1427,2022-10-05 19:19:21,West Bengal,5029,5
3130,2022-10-06 03:38:56,Rajasthan,1394,1
2107,2022-10-05 20:11:27,Bihar,6350,4
4482,2022-10-05 21:38:45,Uttarakhand,3680,5
6113,2022-10-05 15:19:32,Karnataka,8067,2
3053,2022-10-05 19:44:30,Assam,1084,2
976,2022-10-06 07:01:08,Mizoram,3975,2
1618,2022-10-06 01:55:35,Manipur,9423,5
746,2022-10-05 16:51:14,Assam,9169,4
8694,2022-10-06 02:21:51,Tripura,1411,5
7202,2022-10-05 21:04:08,Uttar Pradesh,9203,1
7790,2022-10-06 11:18:06,Himachal Pradesh,9717,4
8817,2022-10-06 07:04:56,Punjab,6445,5
4032,2022-10-06 12:11:26,Uttarakhand,9042,2
9458,2022-10-05 21:16:53,Madhya Pradesh,2431,4
4597,2022-10-06 11:37:36,Gairsain,4373,5
6625,2022-10-06 07:29:06,Punjab,3519,3
8102,2022-10-05 17:54:49,Telangana,8601,1
2542,2022-10-06 08:14:22,Uttar Pradesh,4655,5
5770,2022-10-05 19:20:51,Uttar Pradesh,2424,5
5139,2022-10-06 04:28:13,Uttar Pradesh,1729,1
5626,2022-10-05 14:50:30,Rajasthan,3274,2
241,2022-10-05 23:16:01,Gujarat,8155,1
6912,2022-10-06 12:37:55,Gujarat,1576,5
1487,2022-10-05 23:22:48,Andhra Pradesh,6861,1
962,2022-10-05 21:21:40,Mizoram,3406,5
436,2022-10-06 09:03:01,Sikkim,9421,4
8950,2022-10-05 23:31:27,Bihar,2413,1
5701,2022-10-05 17:14:55,Uttarakhand,6801,4
7221,2022-10-05 17:00:11,Assam,1517,5
4400,2022-10-05 18:59:57,Uttar Pradesh,4827,4
5327,2022-10-05 14:48:54,Kerala,7778,5
5673,2022-10-05 23:06:59,Nagaland,1998,3
7845,2022-10-05 21:49:28,Tamil Nadu,8440,5
9164,2022-10-06 03:27:55,Meghalaya,3322,3
7687,2022-10-06 00:16:00,Goa,32,1
6283,2022-10-06 09:59:02,Assam,3429,1
6243,2022-10-06 06:29:24,Assam,7914,4
1053,2022-10-06 00:10:17,Himachal Pradesh,7079,2
5190,2022-10-06 07:06:32,Goa,2016,5
5606,2022-10-05 17:47:27,Chhattisgarh,2141,3
2859,2022-10-06 11:50:23,Haryana,9799,2
7892,2022-10-06 04:02:43,Nagaland,2547,5
5372,2022-10-05 22:03:26,Sikkim,4228,5
4170,2022-10-06 01:56:13,Goa,2183,5
334,2022-10-06 01:37:02,Karnataka,2404,1
4460,2022-10-06 00:14:21,Assam,7390,5
7648,2022-10-05 18:07:34,Sikkim,6971,2
1724,2022-10-06 03:28:46,Nagaland,3927,1
3485,2022-10-05 18:13:51,West Bengal,9650,1
92,2022-10-06 08:39:07,Telangana,1477,5
745,2022-10-05 13:27:39,Meghalaya,1025,3
2848,2022-10-06 04:39:31,Gairsain,6939,3
3583,2022-10-06 08:56:36,Gairsain,2554,3
6964,2022-10-05 20:42:48,Uttar Pradesh,7697,1
9638,2022-10-06 10:33:44,West Bengal,7850,2
1448,2022-10-05 22:50:23,Mizoram,1734,3
3184,2022-10-05 14:20:38,Himachal Pradesh,5880,1
7130,2022-10-05 14:32:28,Gujarat,14,1
1643,2022-10-05 23:03:38,Gujarat,7877,2
9495,2022-10-06 01:46:47,Haryana,4647,2
8299,2022-10-06 02:02:18,Gairsain,4636,2
7681,2022-10-05 20:50:02,Tamil Nadu,2070,1
4236,2022-10-06 05:06:41,Haryana,7358,5
6073,2022-10-06 09:58:03,Odisha,2665,1
9786,2022-10-06 02:37:50,Bihar,4118,5
5496,2022-10-06 07:05:01,Gairsain,7877,4
924,2022-10-06 10:29:27,Sikkim,7187,3
7925,2022-10-06 00:17:07,Manipur,2036,1
2973,2022-10-05 19:09:20,Tamil Nadu,5718,4
3504,2022-10-05 19:31:55,Haryana,2017,2
6777,2022-10-05 16:45:24,Tripura,8592,2
2304,2022-10-05 18:22:03,Andhra Pradesh,3274,2
2017,2022-10-05 22:48:02,Karnataka,4539,5
3117,2022-10-06 12:48:32,Gujarat,9653,4
1769,2022-10-06 09:08:26,Haryana,547,5
4677,2022-10-06 02:23:34,Andhra Pradesh,8952,5
160,2022-10-06 06:33:45,Meghalaya,3381,2
4128,2022-10-06 09:43:30,Uttarakhand,5343,3
6966,2022-10-06 09:44:05,Gairsain,5111,5
3814,2022-10-06 02:36:27,Rajasthan,8371,3
9495,2022-10-06 08:58:39,Sikkim,3419,1
2755,2022-10-05 19:18:19,Sikkim,6748,5
4566,2022-10-05 21:06:25,Mizoram,4588,1
8259,2022-10-06 08:14:05,Tamil Nadu,4801,1
6688,2022-10-05 14:32:58,Goa,9342,1
3395,2022-10-05 21:52:29,Gairsain,3216,1
2709,2022-10-05 16:14:11,West Bengal,150,5
1523,2022-10-06 06:29:38,Manipur,8862,4
5538,2022-10-06 04:14:20,Punjab,9636,2
159,2022-10-06 12:40:41,Uttarakhand,1667,4
4851,2022-10-06 06:24:33,Sikkim,1311,5
9764,2022-10-05 21:06:51,Jharkhand,6621,3
6681,2022-10-06 11:42:15,Tripura,783,5
6213,2022-10-05 19:57:59,Himachal Pradesh,4299,5
2825,2022-10-05 22:07:53,Bihar,899,4
4589,2022-10-05 17:02:38,Chhattisgarh,7818,1
2144,2022-10-05 13:51:57,Madhya Pradesh,9371,1
3555,2022-10-06 06:37:16,Sikkim,1541,3
3940,2022-10-06 10:10:46,Chhattisgarh,4190,1
1985,2022-10-05 20:32:19,Mizoram,3419,1
778,2022-10-06 05:21:43,Uttarakhand,5039,4
5453,2022-10-06 09:10:15,Gairsain,2095,1
4876,2022-10-06 00:51:20,Jharkhand,2624,1
7252,2022-10-06 10:54:00,Kerala,8109,2
9042,2022-10-05 20:00:32,Madhya Pradesh,6350,2
2484,2022-10-06 00:31:28,Gujarat,5880,1
2733,2022-10-05 22:07:37,Jharkhand,9878,1
7593,2022-10-05 13:50:49,Manipur,7700,3
6362,2022-10-05 22:08:26,Bihar,8007,1
3123,2022-10-05 14:21:23,Kerala,1698,3
1967,2022-10-06 10:36:17,Odisha,3815,5
8604,2022-10-06 13:12:19,Rajasthan,8417,1
441,2022-10-05 19:20:17,Punjab,1910,3
4188,2022-10-05 22:45:11,Tripura,1256,2
4693,2022-10-05 22:26:54,Chhattisgarh,1442,4
1233,2022-10-05 23:16:29,Bihar,5011,5
4751,2022-10-06 09:23:16,Manipur,3623,4
2743,2022-10-05 21:35:57,Himachal Pradesh,1784,5
2512,2022-10-05 14:03:23,Mizoram,7873,2
1958,2022-10-05 15:57:47,Karnataka,3680,1
7929,2022-10-06 10:20:05,Jharkhand,4568,1
5862,2022-10-05 20:56:30,West Bengal,7836,5
3933,2022-10-06 04:06:06,Punjab,3971,2
2979,2022-10-06 08:55:21,Andhra Pradesh,6870,3
209,2022-10-06 01:01:00,Gairsain,9720,5
231,2022-10-06 08:48:50,Nagaland,8375,2
9513,2022-10-06 12:32:27,Odisha,7866,2
8724,2022-10-06 09:29:09,Haryana,1470,1
3835,2022-10-06 12:29:50,Assam,2668,2
6320,2022-10-06 01:48:59,Telangana,6989,2
7035,2022-10-06 09:26:43,Haryana,4338,4
4495,2022-10-06 12:47:04,Tripura,9263,5
3728,2022-10-05 17:54:05,Assam,872,1
5399,2022-10-06 03:26:28,Chhattisgarh,377,4
4024,2022-10-05 19:52:36,Punjab,6659,5
2763,2022-10-05 21:15:43,Goa,3419,5
654,2022-10-05 18:33:15,Uttar Pradesh,2214,4
6230,2022-10-05 19:20:18,Karnataka,2669,3
3859,2022-10-06 11:26:21,Gairsain,3743,1
7171,2022-10-05 17:26:05,Karnataka,7778,1
4885,2022-10-06 04:40:39,Rajasthan,4843,1
5892,2022-10-05 20:44:58,Jharkhand,4990,5
7816,2022-10-06 10:23:13,Goa,4752,1
9542,2022-10-05 15:42:33,Kerala,1663,4
1300,2022-10-05 15:27:28,Manipur,2263,3
2048,2022-10-06 01:45:57,Jharkhand,6910,4
2491,2022-10-05 21:11:47,West Bengal,7997,1
1572,2022-10-06 03:12:59,Madhya Pradesh,8991,1
922,2022-10-06 05:10:32,Gairsain,8992,2
8713,2022-10-06 11:33:45,Haryana,733,1
337,2022-10-06 05:43:23,Odisha,3364,1
9582,2022-10-05 23:02:28,Assam,6262,4
5582,2022-10-06 05:52:17,Manipur,3492,4
8743,2022-10-05 22:27:40,Goa,1394,4
1625,2022-10-05 21:34:21,Gujarat,8357,5
5022,2022-10-06 08:47:49,Manipur,7817,5
8646,2022-10-05 21:41:00,Punjab,2390,1
4127,2022-10-06 06:46:06,West Bengal,6854,2
2159,2022-10-05 17:01:30,Meghalaya,6262,2
9787,2022-10-06 10:05:58,Haryana,5960,4
2754,2022-10-06 00:59:27,Karnataka,2404,1
5411,2022-10-06 09:50:10,Karnataka,7836,4
6722,2022-10-05 21:03:25,Uttar Pradesh,2547,1
8816,2022-10-06 04:16:03,Punjab,8131,3
6521,2022-10-05 18:30:44,Mizoram,9319,3
5305,2022-10-06 11:31:53,Andhra Pradesh,4633,3
9767,2022-10-05 14:39:12,Chhattisgarh,7255,4
4061,2022-10-06 08:38:54,Telangana,1219,1
1655,2022-10-06 08:18:29,Gairsain,8377,3
4109,2022-10-06 06:37:51,Goa,6412,1
8058,2022-10-05 22:07:34,Haryana,7171,3
2003,2022-10-06 02:49:06,Andhra Pradesh,4061,5
6172,2022-10-06 02:17:36,Madhya Pradesh,1311,5
6401,2022-10-06 01:34:30,Goa,3260,4
1369,2022-10-05 15:36:27,West Bengal,8794,2
4063,2022-10-06 03:34:44,Tamil Nadu,2352,1
4844,2022-10-06 07:32:46,Odisha,7150,4
9902,2022-10-06 12:39:21,Chhattisgarh,5524,4
4794,2022-10-05 21:10:27,West Bengal,1470,4
5731,2022-10-05 18:36:32,Kerala,7390,3
8070,2022-10-06 00:16:07,Gujarat,1662,4
2162,2022-10-06 09:23:59,Mizoram,9342,3
8105,2022-10-06 02:47:53,Bihar,9486,2
6438,2022-10-05 20:44:31,Punjab,234,2
2458,2022-10-06 13:07:01,Meghalaya,8268,3
4657,2022-10-05 21:27:01,Gujarat,9342,2
5194,2022-10-06 01:05:02,Haryana,3010,2
2021,2022-10-06 12:42:42,Tamil Nadu,6912,3
8226,2022-10-05 15:52:18,Manipur,9335,4
6379,2022-10-06 06:48:57,Himachal Pradesh,8310,3
7044,2022-10-06 00:48:00,Uttar Pradesh,1796,4
6509,2022-10-06 12:24:17,Andhra Pradesh,8471,3
9546,2022-10-06 09:31:40,Punjab,2401,4
3820,2022-10-05 17:15:56,Tripura,1576,2
9170,2022-10-05 20:30:18,Meghalaya,7252,2
5756,2022-10-06 11:35:51,Mizoram,3966,1
6999,2022-10-06 00:32:54,Rajasthan,9967,1
5445,2022-10-06 06:48:12,Madhya Pradesh,2617,4
5906,2022-10-05 14:58:28,Tamil Nadu,6769,5
5727,2022-10-06 01:08:17,Telangana,5189,5
9270,2022-10-06 00:57:32,West Bengal,1606,1
3852,2022-10-06 12:09:52,Himachal Pradesh,3856,2
850,2022-10-06 11:01:55,Bihar,2036,1
4392,2022-10-05 21:12:23,Madhya Pradesh,6659,5
2537,2022-10-06 06:09:53,Jharkhand,2016,4
4047,2022-10-06 03:38:56,Sikkim,6445,3
7746,2022-10-06 11:24:00,Madhya Pradesh,4061,5
4996,2022-10-05 17:14:57,Chhattisgarh,3590,4
3610,2022-10-05 20:20:16,Haryana,872,4
5109,2022-10-05 16:14:04,West Bengal,2865,2
1587,2022-10-05 16:14:32,Gairsain,9335,1
4446,2022-10-06 01:17:37,Himachal Pradesh,8365,4
2529,2022-10-06 12:51:09,Gujarat,8961,1
4586,2022-10-05 15:15:04,Jharkhand,8434,5
2618,2022-10-05 19:28:26,Chhattisgarh,3738,4
5171,2022-10-06 08:36:40,Gujarat,6290,4
946,2022-10-05 18:03:32,Mizoram,2566,5
324,2022-10-05 15:02:10,Nagaland,7889,4
1455,2022-10-06 02:48:17,Uttar Pradesh,2320,3
5615,2022-10-06 07:56:44,Punjab,3915,2
1155,2022-10-06 06:00:44,Tamil Nadu,9532,2
2198,2022-10-05 16:29:48,Rajasthan,4801,4
9459,2022-10-06 01:22:41,Himachal Pradesh,2554,2
9045,2022-10-05 16:30:27,Madhya Pradesh,641,5
4681,2022-10-05 20:25:43,West Bengal,1723,5
3361,2022-10-06 03:10:00,Jharkhand,9900,5
5935,2022-10-06 06:32:32,Uttarakhand,5880,4
3391,2022-10-06 08:28:40,Karnataka,5812,5
1050,2022-10-05 15:47:15,Punjab,4228,4
9671,2022-10-06 10:02:46,Gujarat,7029,2
9348,2022-10-05 19:18:03,Goa,5911,2
8900,2022-10-06 00:12:51,West Bengal,3104,4
7719,2022-10-06 04:40:48,Haryana,6769,1
5016,2022-10-06 00:01:58,Uttarakhand,3124,3
8087,2022-10-06 03:49:36,Mizoram,4893,1
8470,2022-10-06 05:18:00,Meghalaya,6092,5
1298,2022-10-06 04:41:07,Meghalaya,6121,1
3001,2022-10-05 17:01:03,Assam,6268,2
4406,2022-10-06 00:45:52,Gujarat,3325,5
9094,2022-10-05 21:04:13,Jharkhand,5713,5
8689,2022-10-06 03:23:05,Rajasthan,4881,5
2874,2022-10-06 08:31:21,Sikkim,9423,1
8920,2022-10-06 12:40:08,Jharkhand,6833,1
6952,2022-10-06 05:25:25,Manipur,7573,2
6424,2022-10-05 18:07:37,Goa,4190,1
3449,2022-10-06 08:56:07,Uttarakhand,5990,1
5268,2022-10-06 06:34:01,Tripura,5297,5
1885,2022-10-06 03:57:25,Kerala,9871,2
1359,2022-10-06 05:13:30,Tripura,3415,2
2988,2022-10-06 01:17:20,Karnataka,4529,3
1200,2022-10-06 07:54:39,Tripura,2449,2
3138,2022-10-05 20:07:35,West Bengal,8065,5
9383,2022-10-05 15:02:16,Andhra Pradesh,808,3
1430,2022-10-05 13:53:24,Bihar,5524,5
4401,2022-10-06 00:55:32,Goa,4845,5
9954,2022-10-05 21:53:02,Himachal Pradesh,5880,2
7861,2022-10-06 02:00:44,West Bengal,1796,1
1125,2022-10-06 10:58:13,Tamil Nadu,9263,2
8630,2022-10-05 21:47:09,Bihar,8248,4
9323,2022-10-06 05:17:11,Punjab,5535,3
4724,2022-10-06 10:01:44,Madhya Pradesh,1663,4
7124,2022-10-05 19:56:04,Gairsain,2669,5
9346,2022-10-05 13:59:28,Tamil Nadu,536,2
6630,2022-10-05 20:49:39,Kerala,8507,3
9998,2022-10-06 07:43:53,Tripura,3184,2
7553,2022-10-06 13:03:25,Chhattisgarh,8597,4
3465,2022-10-06 06:57:59,Andhra Pradesh,9917,4
4926,2022-10-06 11:24:57,Tripura,2605,4
5845,2022-10-06 03:26:42,Nagaland,369,4
4239,2022-10-05 16:31:20,Manipur,7121,5
2257,2022-10-05 19:14:02,Uttar Pradesh,9195,2
553,2022-10-06 00:53:49,Goa,3228,1
1477,2022-10-05 19:57:32,Andhra Pradesh,5640,2
8430,2022-10-06 06:51:19,Uttar Pradesh,3927,5
5873,2022-10-06 09:51:11,Karnataka,7250,5
714,2022-10-05 21:52:06,Himachal Pradesh,3419,2
4401,2022-10-05 15:52:33,Telangana,6656,5
6651,2022-10-05 18:28:17,Odisha,3794,1
9299,2022-10-05 17:03:14,Tripura,6263,1
5804,2022-10-06 11:29:22,Gujarat,5034,4
8901,2022-10-06 05:36:07,Bihar,1996,5
5974,2022-10-05 15:36:46,Gujarat,4428,2
273,2022-10-06 07:19:56,Maharashtra,2809,3
1499,2022-10-06 06:58:18,Jharkhand,7530,1
2443,2022-10-05 16:07:32,Telangana,6870,2
588,2022-10-06 04:04:55,West Bengal,9044,2
9727,2022-10-06 03:24:08,Punjab,2743,3
4160,2022-10-05 21:53:21,Tamil Nadu,9488,1
989,2022-10-06 00:42:39,Gujarat,80,2
6646,2022-10-06 12:21:36,Madhya Pradesh,1219,5
8314,2022-10-06 08:34:01,Tamil Nadu,4118,1
7174,2022-10-06 10:51:23,Sikkim,7760,5
502,2022-10-06 04:11:41,Maharashtra,110,4
4517,2022-10-05 13:32:30,Himachal Pradesh,5547,1
5631,2022-10-05 23:20:07,Karnataka,8503,2
1510,2022-10-05 13:14:05,Kerala,1169,1
2042,2022-10-06 06:51:36,Uttar Pradesh,9900,1
8504,2022-10-06 07:51:25,Telangana,2706,5
9284,2022-10-06 08:37:39,Maharashtra,4702,1
1234,2022-10-05 20:46:25,Tripura,96,1
7216,2022-10-05 22:56:23,Chhattisgarh,5033,4
9609,2022-10-06 03:19:30,Nagaland,2169,2
5451,2022-10-06 08:35:03,Goa,7079,1
8302,2022-10-05 21:59:29,Sikkim,6966,1
9960,2022-10-06 11:43:23,Gujarat,7552,4
3790,2022-10-06 05:10:13,Himachal Pradesh,4228,3
3280,2022-10-06 01:10:15,Gairsain,1477,2
215,2022-10-05 22:11:56,Bihar,1224,2
8296,2022-10-06 09:14:55,Mizoram,7604,2
2620,2022-10-06 10:22:55,Gujarat,9371,4
2755,2022-10-06 10:58:19,Bihar,2554,2
1878,2022-10-06 07:42:50,Tripura,395,2
685,2022-10-06 05:36:03,Bihar,240,5
4597,2022-10-05 13:39:14,Bihar,3590,4
1049,2022-10-06 13:12:38,Andhra Pradesh,3419,3
7826,2022-10-06 11:49:19,Madhya Pradesh,6659,4
6010,2022-10-06 04:52:13,Assam,880,5
9331,2022-10-05 21:10:41,Madhya Pradesh,4289,5
2836,2022-10-06 11:04:20,Bihar,2713,4
7133,2022-10-05 14:55:45,Rajasthan,31,3
5474,2022-10-05 21:26:13,Mizoram,2401,1
3376,2022-10-06 02:35:54,Gujarat,6596,4
1471,2022-10-06 08:43:39,Karnataka,2454,5
7212,2022-10-06 07:11:23,Tripura,7817,1
3220,2022-10-05 14:27:14,Andhra Pradesh,7453,2
7318,2022-10-05 16:46:52,Mizoram,32,4
2636,2022-10-05 19:37:07,Haryana,4061,1
1521,2022-10-06 03:21:57,Maharashtra,1815,4
2587,2022-10-05 15:48:16,Karnataka,6769,2
8138,2022-10-05 23:31:23,Nagaland,7778,1
9515,2022-10-06 12:32:22,Meghalaya,5501,1
9980,2022-10-06 11:25:15,Chhattisgarh,9794,1
7669,2022-10-06 05:43:24,Nagaland,2697,2
5203,2022-10-06 00:05:28,Uttarakhand,369,3
6288,2022-10-05 22:30:33,Himachal Pradesh,4672,2
7315,2022-10-06 04:57:15,Uttar Pradesh,6870,5
3696,2022-10-06 11:32:05,Andhra Pradesh,1070,5
72,2022-10-05 18:16:16,Chhattisgarh,257,2
287,2022-10-06 08:34:36,Assam,9707,1
298,2022-10-06 00:46:03,Karnataka,6774,3
4009,2022-10-05 22:57:00,Uttar Pradesh,2007,5
8319,2022-10-06 08:39:10,Mizoram,9065,2
9770,2022-10-06 06:06:44,Madhya Pradesh,427,5
7756,2022-10-05 22:35:50,West Bengal,1337,2
4763,2022-10-05 20:45:24,Gairsain,9486,2
3797,2022-10-06 03:14:48,Tamil Nadu,1793,5
9681,2022-10-06 07:30:26,Mizoram,8532,3
5318,2022-10-06 09:21:26,Mizoram,3177,4
6516,2022-10-06 02:55:45,Bihar,1982,1
6897,2022-10-05 14:48:33,Tamil Nadu,2743,2
1147,2022-10-06 13:01:38,Nagaland,6261,1
1439,2022-10-06 10:28:57,Uttarakhand,9421,1
7515,2022-10-06 02:02:07,Himachal Pradesh,7681,5
8827,2022-10-05 18:08:50,Meghalaya,3743,1
149,2022-10-06 12:00:17,Sikkim,3449,4
539,2022-10-05 17:07:33,Bihar,4014,1
7708,2022-10-05 19:09:15,Uttarakhand,3911,2
6924,2022-10-06 12:54:13,Haryana,9426,4
5262,2022-10-06 08:42:50,Kerala,7542,5
2021,2022-10-06 10:31:16,Himachal Pradesh,3586,1
6247,2022-10-06 02:57:40,Bihar,8168,2
1342,2022-10-06 02:02:20,Haryana,1890,1
824,2022-10-05 15:56:49,Gujarat,9532,5
4340,2022-10-05 20:00:01,Telangana,4926,1
3287,2022-10-06 12:28:01,Maharashtra,276,1
361,2022-10-05 18:13:56,Meghalaya,5501,3
698,2022-10-06 05:16:09,Rajasthan,8310,1
6137,2022-10-06 08:15:47,West Bengal,4743,1
6141,2022-10-05 15:28:26,Meghalaya,7038,2
3536,2022-10-06 01:02:12,Gairsain,1801,2
8710,2022-10-05 21:03:10,Manipur,8429,1
5748,2022-10-06 10:37:29,Punjab,8582,5
9183,2022-10-05 23:04:56,Assam,6659,5
8646,2022-10-05 18:27:46,West Bengal,2566,1
2273,2022-10-06 05:01:48,Tripura,4885,1
2279,2022-10-06 02:00:14,Mizoram,237,2
2275,2022-10-06 08:57:56,Gairsain,3224,4
6044,2022-10-06 11:25:16,Odisha,9371,1
4616,2022-10-05 13:30:33,Madhya Pradesh,9580,2
79,2022-10-06 10:34:53,Maharashtra,2225,2
6603,2022-10-05 19:55:16,Chhattisgarh,8433,2
188,2022-10-05 23:12:46,Himachal Pradesh,141,2
6368,2022-10-06 00:59:57,Goa,293,4
3598,2022-10-05 17:22:50,Uttar Pradesh,4424,5
2952,2022-10-06 10:17:41,Himachal Pradesh,6692,3
6873,2022-10-05 20:09:42,Nagaland,8502,3
7322,2022-10-06 10:53:38,Manipur,3599,3
7144,2022-10-06 01:54:00,Jharkhand,2240,5
9789,2022-10-06 02:31:53,Andhra Pradesh,4636,4
4809,2022-10-05 21:17:06,Kerala,9043,3
5331,2022-10-06 09:30:24,Gairsain,880,3
5313,2022-10-06 07:08:37,Tripura,5990,2
3612,2022-10-05 13:52:19,Chhattisgarh,80,5
8640,2022-10-06 06:24:31,Odisha,1985,5
4834,2022-10-06 08:40:04,Madhya Pradesh,2095,1
6859,2022-10-06 05:25:48,Meghalaya,8335,5
6918,2022-10-06 04:56:38,Punjab,3995,4
9707,2022-10-05 16:39:01,Uttar Pradesh,2236,1
7854,2022-10-06 09:47:36,Karnataka,6092,3
4635,2022-10-05 16:02:02,Bihar,7170,4
9564,2022-10-06 07:34:43,Nagaland,8168,1
1096,2022-10-05 19:12:17,Mizoram,1689,4
6303,2022-10-06 10:25:31,Tamil Nadu,8687,2
4863,2022-10-05 13:24:50,Madhya Pradesh,5255,4
1872,2022-10-06 11:35:51,Telangana,5517,5
8079,2022-10-06 04:39:58,Chhattisgarh,2668,1
4869,2022-10-06 02:25:02,Telangana,3182,1
5626,2022-10-06 03:59:15,Nagaland,9878,2
3335,2022-10-05 13:46:19,Tamil Nadu,7894,5
8110,2022-10-06 04:38:07,Gujarat,210,5
6156,2022-10-06 03:17:50,Goa,5627,5
7582,2022-10-05 22:54:52,Chhattisgarh,684,5
8101,2022-10-06 08:00:26,West Bengal,7423,5
6709,2022-10-06 02:10:17,Andhra Pradesh,8131,2
4843,2022-10-05 13:46:43,Rajasthan,2639,1
1062,2022-10-05 19:57:46,Manipur,8898,4
1470,2022-10-05 16:25:00,Uttar Pradesh,3310,4
2966,2022-10-06 00:01:36,Odisha,3961,1
4197,2022-10-06 06:35:22,Kerala,6096,3
236,2022-10-05 18:02:41,Sikkim,2848,1
4828,2022-10-05 13:30:58,Rajasthan,6800,2
291,2022-10-05 17:33:39,Odisha,7966,5
8373,2022-10-05 17:49:09,Gairsain,8794,5
8536,2022-10-05 21:01:31,Telangana,5429,3
3833,2022-10-06 05:49:16,West Bengal,9934,1
9208,2022-10-06 00:39:21,Himachal Pradesh,7894,2
994,2022-10-06 02:52:03,Himachal Pradesh,5318,2
1593,2022-10-06 07:23:15,Uttar Pradesh,6774,2
5406,2022-10-06 08:45:06,Jharkhand,5107,5
9798,2022-10-05 13:53:42,Kerala,7729,1
9958,2022-10-06 03:40:48,Mizoram,1411,5
7210,2022-10-05 14:28:14,Rajasthan,5715,3
8440,2022-10-05 18:13:02,Kerala,4568,3
8769,2022-10-06 12:03:19,Bihar,9172,5
765,2022-10-05 18:18:29,Gairsain,4586,4
1130,2022-10-05 20:52:59,Karnataka,4436,3
9608,2022-10-05 17:40:12,Maharashtra,3232,3
324,2022-10-05 15:44:29,Telangana,1058,5
3557,2022-10-05 19:31:10,Karnataka,9900,3
7757,2022-10-05 18:28:03,Madhya Pradesh,2214,3
4559,2022-10-06 07:49:17,Mizoram,4436,2
4850,2022-10-06 03:20:15,Punjab,8554,5
9077,2022-10-05 14:40:03,Madhya Pradesh,9756,3
3038,2022-10-06 09:06:07,Karnataka,3310,1
559,2022-10-05 23:55:11,Nagaland,9425,4
6087,2022-10-05 23:55:45,Tripura,4586,3
320,2022-10-05 16:11:09,Telangana,5501,2
8161,2022-10-06 03:42:21,Bihar,2779,2
426,2022-10-05 21:45:11,Odisha,8692,2
1671,2022-10-06 02:12:26,Manipur,5798,4
5856,2022-10-06 00:13:07,Assam,6176,2
5402,2022-10-05 21:58:42,Jharkhand,1842,2
9182,2022-10-06 12:54:14,Manipur,4389,5
4488,2022-10-06 06:49:55,Bihar,9248,5
8801,2022-10-06 03:31:48,Sikkim,8601,2
3009,2022-10-06 05:27:27,Jharkhand,7889,4
900,2022-10-06 04:52:41,Punjab,9099,4
641,2022-10-06 08:36:23,Kerala,2697,3
3385,2022-10-05 16:03:07,Jharkhand,2320,3
4289,2022-10-05 22:15:39,Nagaland,7691,3
7687,2022-10-06 01:13:46,Haryana,5337,1
509,2022-10-05 22:48:39,Punjab,4702,4
7678,2022-10-06 07:55:44,Bihar,8692,3
9395,2022-10-06 03:43:32,Bihar,536,1
8567,2022-10-06 12:15:28,Punjab,9915,4
9281,2022-10-05 16:29:58,Sikkim,2554,4
7991,2022-10-05 21:42:36,Himachal Pradesh,6153,2
5676,2022-10-05 18:48:07,Karnataka,8330,5
7451,2022-10-06 00:47:24,Odisha,6350,2
4563,2022-10-05 14:49:21,Goa,207,1
4145,2022-10-06 06:33:10,Tamil Nadu,1815,2
4761,2022-10-05 14:30:59,Andhra Pradesh,2016,5
257,2022-10-05 18:36:38,Uttar Pradesh,8801,3
2568,2022-10-05 14:11:27,Karnataka,2865,1
3338,2022-10-05 15:34:57,Karnataka,4681,3
6187,2022-10-06 04:03:08,West Bengal,100,4
6791,2022-10-05 23:30:54,Rajasthan,5878,2
6924,2022-10-05 20:51:57,Chhattisgarh,7260,4
8523,2022-10-05 23:22:48,Gujarat,8991,4
4383,2022-10-06 06:26:58,Uttarakhand,5545,5
9687,2022-10-05 15:20:23,Nagaland,6992,2
9449,2022-10-06 01:28:14,Karnataka,9908,1
6105,2022-10-05 22:54:26,Sikkim,3310,2
3937,2022-10-06 02:57:38,Haryana,2418,4
5420,2022-10-06 04:58:37,Tripura,3182,4
3768,2022-10-06 09:41:18,Maharashtra,8946,3
8236,2022-10-06 02:15:45,Sikkim,2958,1
6345,2022-10-06 05:42:51,Mizoram,8006,5
6373,2022-10-06 11:28:17,Meghalaya,2225,5
713,2022-10-05 17:54:52,Gairsain,9473,1
5340,2022-10-06 08:24:55,Bihar,5111,3
5710,2022-10-05 14:14:38,Bihar,8463,4
4859,2022-10-06 04:59:18,Karnataka,9270,5
5446,2022-10-06 11:48:59,Jharkhand,2249,5
1668,2022-10-05 20:19:45,Chhattisgarh,3111,4
8219,2022-10-05 19:05:35,Himachal Pradesh,3364,5
5559,2022-10-05 23:04:41,Uttarakhand,5600,3
1230,2022-10-06 04:46:01,Himachal Pradesh,7079,4
8482,2022-10-05 15:00:00,Uttar Pradesh,6092,5
4117,2022-10-05 17:19:57,Odisha,9794,5
3007,2022-10-05 17:48:11,Sikkim,8640,2
2407,2022-10-06 02:26:35,Mizoram,3783,2
6505,2022-10-06 11:42:49,Mizoram,8504,3
3280,2022-10-06 06:10:33,Uttarakhand,5343,4
3745,2022-10-05 15:18:52,Uttarakhand,4545,1
5576,2022-10-06 08:35:35,Uttar Pradesh,369,1
9635,2022-10-06 08:40:48,Chhattisgarh,7388,1
4142,2022-10-05 20:40:03,Goa,4681,4
3247,2022-10-05 17:36:32,Assam,1052,4
9372,2022-10-06 09:10:24,Telangana,7645,3
7792,2022-10-05 19:39:52,Bihar,1456,2
5720,2022-10-05 13:25:12,Odisha,8953,3
7623,2022-10-06 10:21:40,Himachal Pradesh,4160,5
8854,2022-10-06 10:47:22,Maharashtra,2431,5
6914,2022-10-06 03:22:34,Sikkim,4373,2
8568,2022-10-05 13:28:17,Uttarakhand,3483,5
2621,2022-10-06 03:19:14,Himachal Pradesh,5783,3
4271,2022-10-06 12:27:09,Goa,5798,3
6217,2022-10-05 22:12:57,Mizoram,4485,3
8308,2022-10-06 09:11:43,Assam,2678,2
518,2022-10-05 20:32:04,Haryana,237,2
6857,2022-10-05 17:29:04,Nagaland,7200,3
8161,2022-10-06 02:48:46,Andhra Pradesh,7329,4
515,2022-10-06 00:20:36,Tripura,2639,3
8162,2022-10-06 02:45:05,Tripura,6833,5
9417,2022-10-05 22:21:09,Haryana,2827,3
6122,2022-10-05 15:39:30,Telangana,9580,1
16,2022-10-05 16:34:12,Andhra Pradesh,8872,1
5870,2022-10-05 21:54:28,Karnataka,3964,1
7178,2022-10-06 01:11:08,Goa,8850,2
4872,2022-10-05 13:55:02,Uttarakhand,3274,3
2812,2022-10-06 04:10:55,Meghalaya,2743,1
7231,2022-10-05 21:25:07,Punjab,4672,3
4708,2022-10-05 16:43:19,Mizoram,5485,5
7030,2022-10-05 23:11:12,Assam,100,5
6049,2022-10-06 09:15:59,Haryana,6261,3
3884,2022-10-05 15:03:12,Kerala,9206,5
4290,2022-10-05 22:16:03,Karnataka,395,2
2530,2022-10-06 03:01:05,Uttarakhand,8007,2
4151,2022-10-05 19:33:04,Uttarakhand,4660,4
7197,2022-10-06 07:29:46,Kerala,4541,3
3627,2022-10-05 13:53:49,Chhattisgarh,7250,5
1116,2022-10-06 01:25:50,Mizoram,8005,4
4684,2022-10-06 06:55:54,Jharkhand,6974,1
9824,2022-10-06 01:07:37,Gujarat,8759,5
7402,2022-10-05 16:36:31,Kerala,4389,2
7688,2022-10-05 21:22:28,Chhattisgarh,8755,3
7159,2022-10-05 22:16:13,Tamil Nadu,7598,1
9951,2022-10-06 08:25:54,Assam,381,2
8653,2022-10-06 03:31:31,Nagaland,8647,5
5499,2022-10-05 16:51:51,Goa,4389,2
7128,2022-10-05 14:49:22,Maharashtra,2510,3
412,2022-10-06 08:43:56,Sikkim,9060,2
9083,2022-10-05 14:35:18,Telangana,5135,1
4112,2022-10-06 01:02:35,Telangana,6748,5
9180,2022-10-06 09:22:28,Tripura,1729,4
1051,2022-10-05 18:19:52,Nagaland,4396,4
2926,2022-10-06 00:29:28,Chhattisgarh,9203,1
1097,2022-10-06 09:05:17,Punjab,541,2
3276,2022-10-05 21:24:10,Andhra Pradesh,4315,1
9183,2022-10-05 13:39:21,Haryana,2605,1
6522,2022-10-06 12:05:16,Tripura,1098,4
4025,2022-10-05 22:09:17,Punjab,6633,5
5796,2022-10-05 18:18:47,Bihar,8067,3
7800,2022-10-05 17:29:10,Chhattisgarh,4169,2
2199,2022-10-06 01:56:10,Goa,6290,3
9198,2022-10-06 01:00:15,Assam,7329,5
8984,2022-10-05 15:19:08,West Bengal,5990,2
9818,2022-10-06 02:53:14,Manipur,9199,5
8256,2022-10-06 01:40:32,Gujarat,8983,2
8130,2022-10-05 17:17:43,Karnataka,6554,1
2110,2022-10-06 10:57:30,West Bengal,6928,1
7047,2022-10-06 00:05:41,Goa,2678,3
7618,2022-10-06 03:01:56,Tamil Nadu,7365,1
3500,2022-10-05 23:58:41,Bihar,4845,3
8753,2022-10-05 18:54:12,Chhattisgarh,9653,1
2580,2022-10-05 22:44:19,Himachal Pradesh,3966,3
5616,2022-10-05 22:52:44,Rajasthan,8365,5
4555,2022-10-06 11:43:40,Mizoram,8030,4
4539,2022-10-06 09:08:42,Uttar Pradesh,3026,2
6424,2022-10-05 19:26:15,Jharkhand,7596,4
9337,2022-10-05 23:24:51,Maharashtra,4586,5
6121,2022-10-05 22:27:02,Gairsain,8173,3
7512,2022-10-06 04:41:08,Manipur,7556,5
6109,2022-10-06 07:58:09,Kerala,6115,2
2982,2022-10-05 15:49:37,Himachal Pradesh,1729,1
602,2022-10-05 20:46:40,Andhra Pradesh,3232,2
8857,2022-10-05 15:21:54,Assam,5297,3
9336,2022-10-05 16:57:37,Tripura,141,2
1938,2022-10-05 15:17:22,Punjab,454,1
5362,2022-10-06 04:31:49,West Bengal,2779,5
8704,2022-10-05 19:02:43,Punjab,5111,1
3909,2022-10-05 21:26:37,Mizoram,4228,4
5998,2022-10-05 19:43:47,Jharkhand,9158,3
8435,2022-10-06 12:41:57,Meghalaya,3371,3
4213,2022-10-06 10:06:56,Chhattisgarh,7029,2
7843,2022-10-05 13:38:08,West Bengal,6096,3
7084,2022-10-06 12:20:18,Manipur,7691,3
8578,2022-10-05 23:58:12,Andhra Pradesh,7007,1
7188,2022-10-05 14:34:24,Goa,6329,2
8088,2022-10-05 15:33:40,Sikkim,4485,3
171,2022-10-06 01:25:10,Madhya Pradesh,1953,1
8397,2022-10-05 21:38:18,Odisha,7390,2
1168,2022-10-06 03:23:38,Manipur,7245,4
1288,2022-10-05 22:55:34,Meghalaya,1597,4
8539,2022-10-06 03:02:57,Himachal Pradesh,1278,5
9520,2022-10-06 03:12:06,Uttarakhand,3915,4
7549,2022-10-05 14:34:24,Sikkim,4621,4
2720,2022-10-05 17:12:33,Sikkim,7121,2
9149,2022-10-05 15:04:27,Tamil Nadu,3599,4
282,2022-10-05 20:01:26,Madhya Pradesh,2707,5
6172,2022-10-06 00:13:08,Tripura,1796,1
6726,2022-10-05 23:53:17,Chhattisgarh,4598,2
4587,2022-10-06 10:00:10,Uttarakhand,3184,3
8121,2022-10-06 12:15:45,Nagaland,361,4
4553,2022-10-06 09:22:55,Chhattisgarh,4315,3
3039,2022-10-05 20:30:35,Karnataka,9043,1
5497,2022-10-06 04:24:04,Manipur,528,4
5846,2022-10-05 13:28:34,Rajasthan,3260,4
2540,2022-10-05 18:26:53,Jharkhand,9043,5
183,2022-10-06 10:27:56,Chhattisgarh,1212,5
1385,2022-10-05 15:02:44,Goa,92,1
346,2022-10-05 20:56:00,Chhattisgarh,4611,1
1662,2022-10-06 05:57:38,West Bengal,8073,5
694,2022-10-06 00:13:16,Kerala,5935,5
9594,2022-10-05 16:35:53,Odisha,6238,2
225,2022-10-05 14:40:20,Manipur,7373,4
3603,2022-10-06 03:40:25,Chhattisgarh,8109,2
5030,2022-10-05 13:26:18,Tripura,4207,1
3227,2022-10-06 03:18:24,Assam,534,2
6147,2022-10-05 22:02:51,Madhya Pradesh,346,3
4957,2022-10-05 19:37:36,Kerala,5715,3
6746,2022-10-05 19:51:25,Rajasthan,6115,5
3234,2022-10-06 12:01:33,Uttarakhand,8935,2
1635,2022-10-06 09:07:11,Goa,2017,3
4167,2022-10-05 13:55:34,Jharkhand,4848,5
5631,2022-10-05 23:38:43,Madhya Pradesh,6554,5
9773,2022-10-06 10:32:21,Gujarat,4012,3
8913,2022-10-06 07:42:18,Kerala,2017,3
2432,2022-10-05 19:51:13,Karnataka,3915,2
1216,2022-10-06 08:05:54,Uttar Pradesh,2236,3
7910,2022-10-06 01:55:36,Gujarat,9421,1
832,2022-10-06 01:01:52,Himachal Pradesh,4145,2
9602,2022-10-06 00:59:11,Goa,5501,3
14,2022-10-05 13:52:45,Tamil Nadu,2617,3
1155,2022-10-05 23:24:02,Tripura,7988,3
1042,2022-10-05 15:08:40,Bihar,3419,3
7885,2022-10-06 12:52:00,Assam,9967,5
5030,2022-10-06 01:45:41,Nagaland,8687,5
7121,2022-10-05 18:52:55,Tripura,4211,5
397,2022-10-05 22:34:07,Uttar Pradesh,7390,1
1069,2022-10-06 06:34:20,Telangana,4347,5
8964,2022-10-06 02:57:01,Madhya Pradesh,8992,2
5012,2022-10-06 03:56:14,Haryana,9908,5
6175,2022-10-06 04:57:58,Chhattisgarh,6989,4
6689,2022-10-05 22:22:10,Gujarat,1225,1
3700,2022-10-05 20:33:37,Rajasthan,6807,5
3638,2022-10-05 22:56:16,Rajasthan,2655,3
2095,2022-10-06 05:50:29,Punjab,6311,5
4940,2022-10-05 23:55:36,Gujarat,6621,5
2007,2022-10-06 02:24:44,Jharkhand,2640,2
6987,2022-10-06 12:58:03,Tamil Nadu,2670,4
5183,2022-10-06 06:18:08,Tamil Nadu,8631,5
2881,2022-10-05 16:27:45,Mizoram,9158,5
3750,2022-10-05 23:39:21,Gujarat,8377,5
7420,2022-10-05 17:12:32,Telangana,528,4
3784,2022-10-06 11:50:15,Gujarat,7396,3
8740,2022-10-05 23:08:50,Tamil Nadu,7263,5
2225,2022-10-06 03:51:47,West Bengal,4062,1
9950,2022-10-05 22:58:07,Jharkhand,6635,2
735,2022-10-06 02:13:03,Tamil Nadu,237,5
2505,2022-10-06 06:00:03,Assam,8502,5
8970,2022-10-06 01:17:09,West Bengal,5836,3
9062,2022-10-06 01:45:32,Uttar Pradesh,713,2
1937,2022-10-06 00:16:54,Himachal Pradesh,7598,1
5077,2022-10-05 18:53:21,Meghalaya,3104,3
6685,2022-10-06 11:22:26,Uttarakhand,9060,5
6588,2022-10-05 14:35:53,Odisha,4881,2
3359,2022-10-06 08:35:07,Tripura,2754,5
9938,2022-10-05 17:55:13,Chhattisgarh,2750,2
2424,2022-10-06 11:53:59,Karnataka,7563,1
9776,2022-10-05 18:09:25,Gairsain,721,1
1582,2022-10-05 23:53:41,Gujarat,1663,4
5614,2022-10-06 07:26:27,Kerala,5659,4
9776,2022-10-06 02:39:30,Manipur,8503,4
8797,2022-10-06 09:53:42,Uttar Pradesh,2566,5
62,2022-10-06 06:34:43,Meghalaya,8723,5
7167,2022-10-05 23:20:41,West Bengal,7997,4
3729,2022-10-06 09:00:18,Nagaland,4373,2
9788,2022-10-06 01:18:05,Haryana,7604,5
6571,2022-10-05 23:09:34,Tripura,8640,3
4237,2022-10-06 09:10:38,Karnataka,3260,3
8983,2022-10-06 05:54:45,Andhra Pradesh,7536,1
255,2022-10-05 13:55:24,Haryana,3995,3
7332,2022-10-05 20:08:21,Odisha,300,3
7016,2022-10-05 17:21:06,Mizoram,4235,5
9048,2022-10-06 00:38:59,Odisha,6336,5
8368,2022-10-06 06:37:01,Bihar,7234,1
1543,2022-10-05 23:29:05,Kerala,8504,5
7887,2022-10-06 01:53:43,Karnataka,8067,2
1124,2022-10-05 14:31:05,Andhra Pradesh,5524,2
667,2022-10-06 05:56:10,Uttar Pradesh,3900,4
6957,2022-10-05 23:39:12,Meghalaya,8631,3
1633,2022-10-06 05:16:42,Punjab,7573,1
4694,2022-10-05 21:05:53,Karnataka,4419,5
6437,2022-10-06 08:26:02,Gairsain,131,1
8788,2022-10-06 04:30:30,Assam,9362,1
7825,2022-10-06 11:12:56,Chhattisgarh,8589,5
6997,2022-10-06 03:27:54,Punjab,4843,4
6279,2022-10-05 19:24:37,Punjab,818,3
8253,2022-10-06 10:59:05,Madhya Pradesh,1698,5
2043,2022-10-06 05:31:46,Uttarakhand,1127,5
2385,2022-10-05 19:01:51,Nagaland,8434,1
9340,2022-10-05 16:20:55,Mizoram,2036,5
1290,2022-10-06 02:57:06,Bihar,6290,1
3062,2022-10-06 13:00:20,Sikkim,1734,4
1845,2022-10-06 03:38:35,Meghalaya,3429,4
1851,2022-10-06 04:10:27,Gairsain,6962,5
3287,2022-10-06 02:07:40,Madhya Pradesh,2640,3
6132,2022-10-06 05:27:43,Telangana,5911,3
4967,2022-10-06 03:18:32,Assam,1411,3
1203,2022-10-06 08:46:08,Bihar,8382,4
3641,2022-10-06 09:34:35,Madhya Pradesh,8375,3
